file_path,magnification,num_levels,width,height,mpp_x,mpp_y
/raid/users/farzaneh/DeepPATH/Meso_24/20x/MESO_24_23.ndpi,20,9,61440,37632,0.45126353790613716,0.4512839027031906
/raid/users/farzaneh/DeepPATH/Meso_24/20x/MESO_24_21.ndpi,20,9,61440,37632,0.45126353790613716,0.4512839027031906
/raid/users/farzaneh/DeepPATH/Meso_24/20x/MESO_24_20.ndpi,20,9,65536,43008,0.45126353790613716,0.4512839027031906
/raid/users/farzaneh/DeepPATH/Meso_24/20x/MESO_24_22.ndpi,20,9,61440,37632,0.45126353790613716,0.4512839027031906
/raid/users/farzaneh/DeepPATH/Meso_24/20x/MESO_24_24.ndpi,20,9,86016,51968,0.45126353790613716,0.4512839027031906
/raid/users/farzaneh/DeepPATH/Meso_24/20x/MESO_24_25.ndpi,20,9,77824,53760,0.45126353790613716,0.4512839027031906
/raid/users/farzaneh/DeepPATH/Meso_19/40x/MESO_19_10.ndpi,40,10,131072,93184,0.22562667809841835,0.22563686003745573
/raid/users/farzaneh/DeepPATH/Meso_19/40x/MESO_19_21.ndpi,40,10,122880,78848,0.22562667809841835,0.22563686003745573
/raid/users/farzaneh/DeepPATH/Meso_19/40x/MESO_19_14.ndpi,40,10,122880,78848,0.22562667809841835,0.22563686003745573
/raid/users/farzaneh/DeepPATH/Meso_19/40x/MESO_19_23.ndpi,40,10,122880,78848,0.22562667809841835,0.22563686003745573
/raid/users/farzaneh/DeepPATH/Meso_19/40x/MESO_19_26.ndpi,40,10,143360,75264,0.22562667809841835,0.22563686003745573
/raid/users/farzaneh/DeepPATH/Meso_19/40x/MESO_19_8.ndpi,40,10,98304,75264,0.22562667809841835,0.22563686003745573
/raid/users/farzaneh/DeepPATH/Meso_19/40x/MESO_19_23_2.ndpi,40,10,122880,78848,0.22562667809841835,0.22563686003745573
/raid/users/farzaneh/DeepPATH/Meso_19/40x/MESO_19_20.ndpi,40,10,122880,78848,0.22562667809841835,0.22563686003745573
/raid/users/farzaneh/DeepPATH/Meso_19/40x/MESO_19_13.ndpi,40,10,139264,82432,0.22562667809841835,0.22563686003745573
/raid/users/farzaneh/DeepPATH/Meso_19/40x/MESO_19_15.ndpi,40,10,131072,93184,0.22562667809841835,0.22563686003745573
/raid/users/farzaneh/DeepPATH/Meso_19/40x/MESO_19_22.ndpi,40,10,147456,75264,0.22562667809841835,0.22563686003745573
/raid/users/farzaneh/DeepPATH/Meso_19/40x/MESO_19_17.ndpi,40,10,147456,75264,0.22562667809841835,0.22563686003745573
/raid/users/farzaneh/DeepPATH/Meso_19/40x/MESO_19_9.ndpi,40,10,155648,75264,0.22562667809841835,0.22563686003745573
/raid/users/farzaneh/DeepPATH/Meso_19/40x/MESO_19_24_2.ndpi,40,10,118784,93184,0.22562667809841835,0.22563686003745573
/raid/users/farzaneh/DeepPATH/Meso_19/40x/MESO_19_11.ndpi,40,10,122880,78848,0.22562667809841835,0.22563686003745573
/raid/users/farzaneh/DeepPATH/Meso_19/40x/MESO_19_25.ndpi,40,10,143360,86016,0.22562667809841835,0.22563686003745573
/raid/users/farzaneh/DeepPATH/Meso_19/40x/MESO_19_12.ndpi,40,10,122880,78848,0.22562667809841835,0.22563686003745573
/raid/users/farzaneh/DeepPATH/Meso_19/40x/MESO_19_25_2.ndpi,40,10,143360,86016,0.22562667809841835,0.22563686003745573
/raid/users/farzaneh/DeepPATH/Meso_19/40x/MESO_19_18.ndpi,40,10,122880,78848,0.22562667809841835,0.22563686003745573
/raid/users/farzaneh/DeepPATH/Meso_19/40x/MESO_19_24.ndpi,40,10,118784,93184,0.22562667809841835,0.22563686003745573
/raid/users/farzaneh/DeepPATH/Meso_19/40x/MESO_19_26_2.ndpi,40,10,143360,75264,0.22562667809841835,0.22563686003745573
/raid/users/farzaneh/DeepPATH/Meso_19/40x/MESO_19_19.ndpi,40,10,122880,78848,0.22562667809841835,0.22563686003745573
/raid/users/farzaneh/DeepPATH/Meso_10/40x/MESO_10_14.ndpi,20,9,81920,37632,0.45126353790613716,0.4512839027031906
/raid/users/farzaneh/DeepPATH/Meso_10/40x/MESO_10_16.ndpi,20,9,61440,43008,0.45126353790613716,0.4512839027031906
/raid/users/farzaneh/DeepPATH/Meso_10/40x/MESO_10_19.ndpi,20,9,65536,37632,0.45126353790613716,0.4512839027031906
/raid/users/farzaneh/DeepPATH/Meso_10/40x/MESO_10_17.ndpi,20,9,61440,37632,0.45126353790613716,0.4512839027031906
/raid/users/farzaneh/DeepPATH/Meso_10/40x/MESO_10_12.ndpi,20,9,61440,48384,0.45126353790613716,0.4512839027031906
/raid/users/farzaneh/DeepPATH/Meso_10/40x/MESO_10_18.ndpi,20,9,61440,51968,0.45126353790613716,0.4512839027031906
/raid/users/farzaneh/DeepPATH/Meso_10/40x/MESO_10_21.ndpi,20,9,69632,48384,0.45126353790613716,0.4512839027031906
/raid/users/farzaneh/DeepPATH/Meso_10/40x/MESO_10_13.ndpi,20,9,69632,50176,0.45126353790613716,0.4512839027031906
/raid/users/farzaneh/DeepPATH/Meso_10/40x/MESO_10_25.ndpi,40,10,131072,75264,0.22562667809841835,0.22563686003745573
/raid/users/farzaneh/DeepPATH/Meso_10/40x/MESO_10_22.ndpi,40,10,151552,89600,0.22562667809841835,0.22563686003745573
/raid/users/farzaneh/DeepPATH/Meso_10/40x/MESO_10_20.ndpi,20,9,73728,51968,0.45126353790613716,0.4512839027031906
/raid/users/farzaneh/DeepPATH/Meso_18/MESO_18_34.ndpi,20,9,45056,43008,0.45126353790613716,0.4512839027031906
/raid/users/farzaneh/DeepPATH/Meso_18/MESO_18_36.ndpi,20,9,73728,37632,0.45126353790613716,0.4512839027031906
/raid/users/farzaneh/DeepPATH/Meso_18/MESO_18_25.ndpi,20,9,77824,51968,0.45126353790613716,0.4512839027031906
/raid/users/farzaneh/DeepPATH/Meso_18/MESO_18_30.ndpi,20,9,61440,37632,0.45126353790613716,0.4512839027031906
/raid/users/farzaneh/DeepPATH/Meso_18/MESO_18_37.ndpi,20,9,57344,37632,0.45126353790613716,0.4512839027031906
/raid/users/farzaneh/DeepPATH/Meso_18/MESO_18_31.ndpi,20,9,61440,37632,0.45126353790613716,0.4512839027031906
/raid/users/farzaneh/DeepPATH/Meso_43/20x/MESO_43_6.ndpi,20,9,57344,44800,0.45126353790613716,0.4512839027031906
/raid/users/farzaneh/DeepPATH/Meso_43/20x/MESO_43_11.ndpi,20,9,61440,37632,0.45126353790613716,0.4512839027031906
/raid/users/farzaneh/DeepPATH/Meso_43/20x/MESO_43_10.ndpi,20,9,61440,43008,0.45126353790613716,0.4512839027031906
/raid/users/farzaneh/DeepPATH/Meso_43/20x/MESO_43_5.ndpi,20,9,61440,37632,0.45126353790613716,0.4512839027031906
/raid/users/farzaneh/DeepPATH/Meso_43/20x/MESO_43_12.ndpi,20,9,32768,37632,0.45126353790613716,0.4512839027031906
/raid/users/farzaneh/DeepPATH/Meso_43/20x/MESO_43_14.ndpi,20,9,61440,37632,0.45126353790613716,0.4512839027031906
/raid/users/farzaneh/DeepPATH/Meso_43/20x/MESO_43_13.ndpi,20,9,32768,32256,0.45126353790613716,0.4512839027031906
/raid/users/farzaneh/DeepPATH/Meso_43/20x/MESO_43_4.ndpi,20,9,65536,46592,0.45126353790613716,0.4512839027031906
/raid/users/farzaneh/DeepPATH/Meso_43/20x/MESO_43_15.ndpi,20,9,61440,44800,0.45126353790613716,0.4512839027031906
/raid/users/farzaneh/DeepPATH/Meso_43/20x/MESO_43_3.ndpi,20,9,57344,37632,0.45126353790613716,0.4512839027031906
/raid/users/farzaneh/DeepPATH/Meso_17/20x/MESO_17_20.ndpi,20,9,61440,48384,0.45126353790613716,0.4512839027031906
/raid/users/farzaneh/DeepPATH/Meso_17/20x/MESO_17_21.ndpi,20,9,61440,37632,0.45126353790613716,0.4512839027031906
/raid/users/farzaneh/DeepPATH/Meso_17/20x/MESO_17_14.ndpi,20,9,61440,55552,0.45126353790613716,0.4512839027031906
/raid/users/farzaneh/DeepPATH/Meso_17/20x/MESO_17_11.ndpi,20,9,57344,34048,0.45126353790613716,0.4512839027031906
/raid/users/farzaneh/DeepPATH/Meso_17/20x/MESO_17_18.ndpi,20,9,61440,37632,0.45126353790613716,0.4512839027031906
/raid/users/farzaneh/DeepPATH/Meso_17/20x/MESO_17_19.ndpi,20,9,49152,44800,0.45126353790613716,0.4512839027031906
/raid/users/farzaneh/DeepPATH/Meso_50/20x/MESO_50_31.ndpi,20,9,61440,43008,0.45126353790613716,0.4512839027031906
/raid/users/farzaneh/DeepPATH/Meso_50/20x/MESO_50_24.ndpi,20,9,61440,51968,0.45126353790613716,0.4512839027031906
/raid/users/farzaneh/DeepPATH/Meso_50/20x/MESO_50_27.ndpi,20,9,61440,37632,0.45126353790613716,0.4512839027031906
/raid/users/farzaneh/DeepPATH/Meso_50/20x/MESO_50_28.ndpi,20,9,53248,50176,0.45126353790613716,0.4512839027031906
/raid/users/farzaneh/DeepPATH/Meso_50/20x/MESO_50_32.ndpi,20,9,61440,44800,0.45126353790613716,0.4512839027031906
/raid/users/farzaneh/DeepPATH/Meso_50/20x/MESO_50_29.ndpi,20,9,61440,48384,0.45126353790613716,0.4512839027031906
/raid/users/farzaneh/DeepPATH/Meso_50/20x/MESO_50_20.ndpi,20,9,73728,51968,0.45126353790613716,0.4512839027031906
/raid/users/farzaneh/DeepPATH/Meso_50/20x/MESO_50_30.ndpi,20,9,61440,44800,0.45126353790613716,0.4512839027031906
/raid/users/farzaneh/DeepPATH/Meso_50/20x/MESO_50_25.ndpi,20,9,61440,48384,0.45126353790613716,0.4512839027031906
/raid/users/farzaneh/DeepPATH/Meso_50/20x/MESO_50_18.ndpi,20,9,65536,50176,0.45126353790613716,0.4512839027031906
/raid/users/farzaneh/DeepPATH/Meso_34/20x/MESO_34_26.ndpi,20,9,53248,35840,0.45126353790613716,0.4512839027031906
/raid/users/farzaneh/DeepPATH/Meso_34/20x/MESO_34_19.ndpi,20,9,61440,37632,0.45126353790613716,0.4512839027031906
/raid/users/farzaneh/DeepPATH/Meso_34/20x/MESO_34_28.ndpi,20,9,61440,51968,0.45126353790613716,0.4512839027031906
/raid/users/farzaneh/DeepPATH/Meso_34/20x/MESO_34_18.ndpi,20,9,61440,37632,0.45126353790613716,0.4512839027031906
/raid/users/farzaneh/DeepPATH/Meso_34/20x/MESO_34_20.ndpi,20,9,61440,37632,0.45126353790613716,0.4512839027031906
/raid/users/farzaneh/DeepPATH/Meso_34/20x/MESO_34_25.ndpi,20,9,61440,37632,0.45126353790613716,0.4512839027031906
/raid/users/farzaneh/DeepPATH/Meso_34/20x/MESO_34_30.ndpi,20,9,61440,37632,0.45126353790613716,0.4512839027031906
/raid/users/farzaneh/DeepPATH/Meso_34/20x/MESO_34_29.ndpi,20,9,65536,37632,0.45126353790613716,0.4512839027031906
/raid/users/farzaneh/DeepPATH/Meso_52/20x/MESO_52_5.ndpi,20,9,61440,50176,0.45126353790613716,0.4512839027031906
/raid/users/farzaneh/DeepPATH/Meso_52/20x/MESO_52_6.ndpi,20,9,73728,48384,0.45126353790613716,0.4512839027031906
/raid/users/farzaneh/DeepPATH/Meso_52/20x/MESO_52_4.ndpi,20,9,61440,43008,0.45126353790613716,0.4512839027031906
/raid/users/farzaneh/DeepPATH/Meso_47/MESO_47_33.ndpi,20,9,45056,46592,0.45126353790613716,0.4512839027031906
/raid/users/farzaneh/DeepPATH/Meso_47/MESO_47_4.ndpi,20,9,61440,34048,0.45126353790613716,0.4512839027031906
/raid/users/farzaneh/DeepPATH/Meso_47/MESO_47_19.ndpi,20,9,61440,44800,0.45126353790613716,0.4512839027031906
/raid/users/farzaneh/DeepPATH/Meso_47/MESO_47_23.ndpi,20,9,61440,48384,0.45126353790613716,0.4512839027031906
/raid/users/farzaneh/DeepPATH/Meso_47/MESO_47_30.ndpi,20,9,49152,37632,0.45126353790613716,0.4512839027031906
/raid/users/farzaneh/DeepPATH/Meso_47/MESO_47_28.ndpi,20,9,61440,43008,0.45126353790613716,0.4512839027031906
/raid/users/farzaneh/DeepPATH/Meso_47/MESO_47_5.ndpi,20,9,61440,37632,0.45126353790613716,0.4512839027031906
/raid/users/farzaneh/DeepPATH/Meso_35/20x/MESO_35_10.ndpi,20,9,77824,46592,0.45126353790613716,0.4512839027031906
/raid/users/farzaneh/DeepPATH/Meso_35/20x/MESO_35_11.ndpi,20,9,77824,37632,0.45126353790613716,0.4512839027031906
/raid/users/farzaneh/DeepPATH/Meso_35/20x/MESO_35_12.ndpi,20,9,61440,37632,0.45126353790613716,0.4512839027031906
/raid/users/farzaneh/DeepPATH/Meso_35/20x/MESO_35_14.ndpi,20,9,61440,37632,0.45126353790613716,0.4512839027031906
/raid/users/farzaneh/DeepPATH/Meso_35/20x/MESO_35_15.ndpi,20,9,61440,37632,0.45126353790613716,0.4512839027031906
/raid/users/farzaneh/DeepPATH/Meso_3/40x/MESO_3_16.ndpi,40,10,151552,100352,0.22562667809841835,0.22563686003745573
/raid/users/farzaneh/DeepPATH/Meso_3/40x/MESO_3_31.ndpi,40,10,118784,75264,0.22562667809841835,0.22563686003745573
/raid/users/farzaneh/DeepPATH/Meso_3/40x/MESO_3_22.ndpi,40,10,151552,100352,0.22562667809841835,0.22563686003745573
/raid/users/farzaneh/DeepPATH/Meso_3/40x/MESO_3_14.ndpi,40,10,118784,75264,0.22562667809841835,0.22563686003745573
/raid/users/farzaneh/DeepPATH/Meso_3/40x/MESO_3_33.ndpi,40,10,147456,96768,0.22562667809841835,0.22563686003745573
/raid/users/farzaneh/DeepPATH/Meso_3/40x/MESO_3_21.ndpi,40,10,118784,89600,0.22562667809841835,0.22563686003745573
/raid/users/farzaneh/DeepPATH/Meso_3/40x/MESO_3_34.ndpi,40,10,86016,75264,0.22562667809841835,0.22563686003745573
/raid/users/farzaneh/DeepPATH/Meso_3/40x/MESO_3_15.ndpi,40,10,118784,86016,0.22562667809841835,0.22563686003745573
/raid/users/farzaneh/DeepPATH/Meso_3/40x/MESO_3_20.ndpi,40,10,147456,75264,0.22562667809841835,0.22563686003745573
/raid/users/farzaneh/DeepPATH/Meso_3/40x/MESO_3_23.ndpi,40,10,118784,75264,0.22562667809841835,0.22563686003745573
/raid/users/farzaneh/DeepPATH/Meso_3/40x/MESO_3_32.ndpi,40,10,118784,82432,0.22562667809841835,0.22563686003745573
/raid/users/farzaneh/DeepPATH/Meso_3/40x/MESO_3_19.ndpi,40,10,118784,89600,0.22562667809841835,0.22563686003745573
/raid/users/farzaneh/DeepPATH/Meso_3/40x/MESO_3_18.ndpi,40,10,106496,57344,0.22562667809841835,0.22563686003745573
/raid/users/farzaneh/DeepPATH/Meso_3/40x/MESO_3_17.ndpi,40,10,135168,60928,0.22562667809841835,0.22563686003745573
/raid/users/farzaneh/DeepPATH/Meso_11/20x/MESO_11_13.ndpi,20,9,65536,37632,0.45126353790613716,0.4512839027031906
/raid/users/farzaneh/DeepPATH/Meso_11/20x/MESO_11_9.ndpi,20,9,61440,37632,0.45126353790613716,0.4512839027031906
/raid/users/farzaneh/DeepPATH/Meso_11/20x/MESO_11_15.ndpi,20,9,53248,43008,0.45126353790613716,0.4512839027031906
/raid/users/farzaneh/DeepPATH/Meso_11/20x/MESO_11_28.ndpi,20,9,61440,43008,0.45126353790613716,0.4512839027031906
/raid/users/farzaneh/DeepPATH/Meso_11/20x/MESO_11_7.ndpi,40,10,143360,96768,0.22562667809841835,0.22563686003745573
/raid/users/farzaneh/DeepPATH/Meso_11/20x/MESO_11_16.ndpi,20,9,61440,41216,0.45126353790613716,0.4512839027031906
/raid/users/farzaneh/DeepPATH/Meso_11/20x/MESO_11_10.ndpi,20,9,61440,46592,0.45126353790613716,0.4512839027031906
/raid/users/farzaneh/DeepPATH/Meso_11/20x/MESO_11_20.ndpi,20,9,61440,37632,0.45126353790613716,0.4512839027031906
/raid/users/farzaneh/DeepPATH/Meso_11/20x/MESO_11_19.ndpi,20,9,61440,46592,0.45126353790613716,0.4512839027031906
/raid/users/farzaneh/DeepPATH/Meso_11/20x/MESO_11_25.ndpi,20,9,61440,37632,0.45126353790613716,0.4512839027031906
/raid/users/farzaneh/DeepPATH/Meso_11/20x/MESO_11_24.ndpi,20,9,61440,37632,0.45126353790613716,0.4512839027031906
/raid/users/farzaneh/DeepPATH/Meso_11/20x/MESO_11_8.ndpi,20,9,73728,50176,0.45126353790613716,0.4512839027031906
/raid/users/farzaneh/DeepPATH/Meso_11/20x/MESO_11_26.ndpi,20,9,61440,48384,0.45126353790613716,0.4512839027031906
/raid/users/farzaneh/DeepPATH/Meso_11/20x/MESO_11_12.ndpi,20,9,65536,53760,0.45126353790613716,0.4512839027031906
/raid/users/farzaneh/DeepPATH/Meso_11/20x/MESO_11_18.ndpi,20,9,61440,43008,0.45126353790613716,0.4512839027031906
/raid/users/farzaneh/DeepPATH/Meso_11/20x/MESO_11_17.ndpi,20,9,61440,41216,0.45126353790613716,0.4512839027031906
/raid/users/farzaneh/DeepPATH/Meso_11/20x/MESO_11_14.ndpi,20,9,53248,37632,0.45126353790613716,0.4512839027031906
/raid/users/farzaneh/DeepPATH/Meso_11/20x/MESO_11_29.ndpi,20,9,53248,50176,0.45126353790613716,0.4512839027031906
/raid/users/farzaneh/DeepPATH/Meso_11/20x/MESO_11_11.ndpi,20,9,65536,50176,0.45126353790613716,0.4512839027031906
/raid/users/farzaneh/DeepPATH/Meso_6/40x/MESO_6_8.ndpi,40,10,102400,86016,0.22562667809841835,0.22563686003745573
/raid/users/farzaneh/DeepPATH/Meso_6/40x/MESO_6_24.ndpi,40,10,118784,75264,0.22562667809841835,0.22563686003745573
/raid/users/farzaneh/DeepPATH/Meso_6/40x/MESO_6_9.ndpi,40,10,94208,57344,0.22562667809841835,0.22563686003745573
/raid/users/farzaneh/DeepPATH/Meso_6/40x/MESO_6_6.ndpi,40,10,98304,86016,0.22562667809841835,0.22563686003745573
/raid/users/farzaneh/DeepPATH/Meso_6/40x/MESO_6_1.ndpi,40,10,118784,75264,0.22562667809841835,0.22563686003745573
/raid/users/farzaneh/DeepPATH/Meso_6/40x/MESO_6_12.ndpi,40,10,90112,75264,0.22562667809841835,0.22563686003745573
/raid/users/farzaneh/DeepPATH/Meso_6/40x/MESO_6_25.ndpi,40,10,131072,46592,0.22562667809841835,0.22563686003745573
/raid/users/farzaneh/DeepPATH/Meso_6/40x/MESO_6_4.ndpi,40,10,118784,93184,0.22562667809841835,0.22563686003745573
/raid/users/farzaneh/DeepPATH/Meso_6/40x/MESO_6_3.ndpi,40,10,151552,75264,0.22562667809841835,0.22563686003745573
/raid/users/farzaneh/DeepPATH/Meso_6/40x/MESO_6_5.ndpi,40,10,98304,57344,0.22562667809841835,0.22563686003745573
/raid/users/farzaneh/DeepPATH/Meso_6/40x/MESO_6_7.ndpi,40,10,90112,75264,0.22562667809841835,0.22563686003745573
/raid/users/farzaneh/DeepPATH/Meso_6/40x/MESO_6_11.ndpi,40,10,86016,57344,0.22562667809841835,0.22563686003745573
/raid/users/farzaneh/DeepPATH/Meso_6/40x/MESO_6_2.ndpi,40,10,94208,50176,0.22562667809841835,0.22563686003745573
/raid/users/farzaneh/DeepPATH/Meso_6/40x/MESO_6_26.ndpi,40,10,106496,64512,0.22562667809841835,0.22563686003745573
/raid/users/farzaneh/DeepPATH/Meso_6/40x/MESO_6_10.ndpi,40,10,102400,64512,0.22562667809841835,0.22563686003745573
/raid/users/farzaneh/DeepPATH/Meso_7/MESO_7_40.ndpi,40,10,118784,82432,0.22562667809841835,0.22563686003745573
/raid/users/farzaneh/DeepPATH/Meso_7/MESO_7_15.ndpi,40,10,81920,75264,0.22562667809841835,0.22563686003745573
/raid/users/farzaneh/DeepPATH/Meso_7/MESO_7_39.ndpi,40,10,118784,89600,0.22562667809841835,0.22563686003745573
/raid/users/farzaneh/DeepPATH/Meso_7/MESO_7_17.ndpi,40,10,90112,53760,0.22562667809841835,0.22563686003745573
/raid/users/farzaneh/DeepPATH/Meso_7/MESO_7_14.ndpi,40,10,118784,75264,0.22562667809841835,0.22563686003745573
/raid/users/farzaneh/DeepPATH/Meso_7/MESO_7_16.ndpi,40,10,90112,75264,0.22562667809841835,0.22563686003745573
/raid/users/farzaneh/DeepPATH/Meso_57/20x/MESO_57_19.ndpi,20,9,65536,43008,0.45126353790613716,0.4512839027031906
/raid/users/farzaneh/DeepPATH/Meso_57/20x/MESO_57_18.ndpi,20,9,69632,48384,0.45126353790613716,0.4512839027031906
/raid/users/farzaneh/DeepPATH/Meso_57/20x/MESO_57_20.ndpi,20,9,61440,50176,0.45126353790613716,0.4512839027031906
/raid/users/farzaneh/DeepPATH/Meso_57/20x/MESO_57_21.ndpi,20,9,65536,46592,0.45126353790613716,0.4512839027031906
/raid/users/farzaneh/DeepPATH/Meso_57/20x/MESO_57_11.ndpi,20,9,61440,37632,0.45126353790613716,0.4512839027031906
/raid/users/farzaneh/DeepPATH/Meso_57/20x/MESO_57_14.ndpi,20,9,61440,37632,0.45126353790613716,0.4512839027031906
/raid/users/farzaneh/DeepPATH/Meso_57/20x/MESO_57_15.ndpi,20,9,69632,44800,0.45126353790613716,0.4512839027031906
/raid/users/farzaneh/DeepPATH/Meso_57/20x/MESO_57_13.ndpi,20,9,65536,37632,0.45126353790613716,0.4512839027031906
/raid/users/farzaneh/DeepPATH/Meso_57/20x/MESO_57_12.ndpi,20,9,73728,43008,0.45126353790613716,0.4512839027031906
/raid/users/farzaneh/DeepPATH/Meso_42/20x/MESO_42_17.ndpi,20,9,61440,48384,0.45126353790613716,0.4512839027031906
/raid/users/farzaneh/DeepPATH/Meso_42/20x/MESO_42_15.ndpi,20,9,65536,51968,0.45126353790613716,0.4512839027031906
/raid/users/farzaneh/DeepPATH/Meso_42/20x/MESO_42_22.ndpi,20,9,69632,48384,0.45126353790613716,0.4512839027031906
/raid/users/farzaneh/DeepPATH/Meso_42/20x/MESO_42_21.ndpi,20,9,61440,37632,0.45126353790613716,0.4512839027031906
/raid/users/farzaneh/DeepPATH/Meso_42/20x/MESO_42_20.ndpi,20,9,53248,37632,0.45126353790613716,0.4512839027031906
/raid/users/farzaneh/DeepPATH/Meso_42/20x/MESO_42_19.ndpi,20,9,36864,34048,0.45126353790613716,0.4512839027031906
/raid/users/farzaneh/DeepPATH/Meso_42/20x/MESO_42_14.ndpi,20,9,53248,48384,0.45126353790613716,0.4512839027031906
/raid/users/farzaneh/DeepPATH/Meso_42/20x/MESO_42_13.ndpi,20,9,77824,46592,0.45126353790613716,0.4512839027031906
/raid/users/farzaneh/DeepPATH/Meso_42/20x/MESO_42_24.ndpi,20,9,61440,37632,0.45126353790613716,0.4512839027031906
/raid/users/farzaneh/DeepPATH/Meso_42/20x/MESO_42_23.ndpi,20,9,61440,46592,0.45126353790613716,0.4512839027031906
/raid/users/farzaneh/DeepPATH/Meso_42/20x/MESO_42_18.ndpi,20,9,61440,43008,0.45126353790613716,0.4512839027031906
/raid/users/farzaneh/DeepPATH/Meso_42/20x/MESO_42_16.ndpi,20,9,61440,37632,0.45126353790613716,0.4512839027031906
/raid/users/farzaneh/DeepPATH/Meso_51/20x/MESO_51_1.ndpi,20,9,61440,37632,0.45126353790613716,0.4512839027031906
/raid/users/farzaneh/DeepPATH/Meso_51/20x/MESO_51_6.ndpi,20,9,61440,37632,0.45126353790613716,0.4512839027031906
/raid/users/farzaneh/DeepPATH/Meso_51/20x/MESO_51_3.ndpi,20,9,61440,51968,0.45126353790613716,0.4512839027031906
/raid/users/farzaneh/DeepPATH/Meso_51/20x/MESO_51_5.ndpi,20,9,61440,37632,0.45126353790613716,0.4512839027031906
/raid/users/farzaneh/DeepPATH/Meso_51/20x/MESO_51_2.ndpi,20,9,61440,50176,0.45126353790613716,0.4512839027031906
/raid/users/farzaneh/DeepPATH/Meso_51/20x/MESO_51_7.ndpi,20,9,61440,43008,0.45126353790613716,0.4512839027031906
/raid/users/farzaneh/DeepPATH/Meso_51/20x/MESO_51_4.ndpi,20,9,65536,50176,0.45126353790613716,0.4512839027031906
/raid/users/farzaneh/DeepPATH/Meso_9/20x/MESO_9_3.ndpi,20,9,65536,43008,0.45126353790613716,0.4512839027031906
/raid/users/farzaneh/DeepPATH/Meso_9/20x/MESO_9_5.ndpi,20,9,69632,44800,0.45126353790613716,0.4512839027031906
/raid/users/farzaneh/DeepPATH/Meso_9/20x/MESO_9_12.ndpi,20,9,61440,41216,0.45126353790613716,0.4512839027031906
/raid/users/farzaneh/DeepPATH/Meso_9/20x/MESO_9_6.ndpi,20,9,73728,48384,0.45126353790613716,0.4512839027031906
/raid/users/farzaneh/DeepPATH/Meso_9/20x/MESO_9_11.ndpi,20,9,61440,46592,0.45126353790613716,0.4512839027031906
/raid/users/farzaneh/DeepPATH/Meso_9/20x/MESO_9_8.ndpi,20,9,61440,37632,0.45126353790613716,0.4512839027031906
/raid/users/farzaneh/DeepPATH/Meso_9/20x/MESO_9_9.ndpi,20,9,61440,37632,0.45126353790613716,0.4512839027031906
/raid/users/farzaneh/DeepPATH/Meso_9/20x/MESO_9_10.ndpi,20,9,61440,37632,0.45126353790613716,0.4512839027031906
/raid/users/farzaneh/DeepPATH/Meso_9/20x/MESO_9_2.ndpi,20,9,61440,46592,0.45126353790613716,0.4512839027031906
/raid/users/farzaneh/DeepPATH/Meso_9/20x/MESO_9_4.ndpi,20,9,61440,37632,0.45126353790613716,0.4512839027031906
/raid/users/farzaneh/DeepPATH/Meso_9/20x/MESO_9_7.ndpi,20,9,77824,48384,0.45126353790613716,0.4512839027031906
/raid/users/farzaneh/DeepPATH/Meso_9/20x/MESO_9_1.ndpi,20,9,73728,50176,0.45126353790613716,0.4512839027031906
/raid/users/farzaneh/DeepPATH/Meso_9/20x/MESO_9_13.ndpi,20,9,61440,37632,0.45126353790613716,0.4512839027031906
/raid/users/farzaneh/DeepPATH/Meso_13/20x/MESO_13_12.ndpi,20,9,61440,50176,0.45126353790613716,0.4512839027031906
/raid/users/farzaneh/DeepPATH/Meso_13/20x/MESO_13_38.ndpi,20,9,61440,37632,0.45126353790613716,0.4512839027031906
/raid/users/farzaneh/DeepPATH/Meso_13/20x/MESO_13_23.ndpi,20,9,73728,51968,0.45126353790613716,0.4512839027031906
/raid/users/farzaneh/DeepPATH/Meso_13/20x/MESO_13_34.ndpi,20,9,69632,37632,0.45126353790613716,0.4512839027031906
/raid/users/farzaneh/DeepPATH/Meso_13/20x/MESO_13_40.ndpi,20,9,61440,43008,0.45126353790613716,0.4512839027031906
/raid/users/farzaneh/DeepPATH/Meso_13/20x/MESO_13_27.ndpi,20,9,77824,50176,0.45126353790613716,0.4512839027031906
/raid/users/farzaneh/DeepPATH/Meso_13/20x/MESO_13_28.ndpi,20,9,69632,53760,0.45126353790613716,0.4512839027031906
/raid/users/farzaneh/DeepPATH/Meso_13/20x/MESO_13_25.ndpi,20,9,61440,50176,0.45126353790613716,0.4512839027031906
/raid/users/farzaneh/DeepPATH/Meso_13/20x/MESO_13_26.ndpi,20,9,65536,46592,0.45126353790613716,0.4512839027031906
/raid/users/farzaneh/DeepPATH/Meso_13/20x/MESO_13_20.ndpi,20,9,73728,44800,0.45126353790613716,0.4512839027031906
/raid/users/farzaneh/DeepPATH/Meso_13/20x/MESO_13_13.ndpi,20,9,65536,37632,0.45126353790613716,0.4512839027031906
/raid/users/farzaneh/DeepPATH/Meso_13/20x/MESO_13_30.ndpi,20,9,73728,37632,0.45126353790613716,0.4512839027031906
/raid/users/farzaneh/DeepPATH/Meso_13/20x/MESO_13_37.ndpi,20,9,61440,43008,0.45126353790613716,0.4512839027031906
/raid/users/farzaneh/DeepPATH/Meso_13/20x/MESO_13_11.ndpi,20,9,61440,43008,0.45126353790613716,0.4512839027031906
/raid/users/farzaneh/DeepPATH/Meso_13/20x/MESO_13_22.ndpi,20,9,61440,43008,0.45126353790613716,0.4512839027031906
/raid/users/farzaneh/DeepPATH/Meso_13/20x/MESO_13_29.ndpi,20,9,61440,37632,0.45126353790613716,0.4512839027031906
/raid/users/farzaneh/DeepPATH/Meso_13/20x/MESO_13_33.ndpi,20,9,81920,43008,0.45126353790613716,0.4512839027031906
/raid/users/farzaneh/DeepPATH/Meso_13/20x/MESO_13_32.ndpi,20,9,69632,43008,0.45126353790613716,0.4512839027031906
/raid/users/farzaneh/DeepPATH/Meso_13/20x/MESO_13_35.ndpi,20,9,73728,37632,0.45126353790613716,0.4512839027031906
/raid/users/farzaneh/DeepPATH/Meso_13/20x/MESO_13_39.ndpi,20,9,61440,50176,0.45126353790613716,0.4512839027031906
/raid/users/farzaneh/DeepPATH/Meso_13/20x/MESO_13_31.ndpi,20,9,65536,37632,0.45126353790613716,0.4512839027031906
/raid/users/farzaneh/DeepPATH/Meso_13/20x/MESO_13_24.ndpi,20,9,65536,44800,0.45126353790613716,0.4512839027031906
/raid/users/farzaneh/DeepPATH/Meso_13/20x/MESO_13_36.ndpi,20,9,61440,50176,0.45126353790613716,0.4512839027031906
/raid/users/farzaneh/DeepPATH/Meso_4/40x/MESO_4_6.ndpi,40,10,118784,75264,0.22562667809841835,0.22563686003745573
/raid/users/farzaneh/DeepPATH/Meso_4/40x/MESO_4_14.ndpi,40,10,118784,100352,0.22562667809841835,0.22563686003745573
/raid/users/farzaneh/DeepPATH/Meso_4/40x/MESO_4_8.ndpi,40,10,118784,96768,0.22562667809841835,0.22563686003745573
/raid/users/farzaneh/DeepPATH/Meso_4/40x/MESO_4_26.ndpi,40,10,118784,75264,0.22562667809841835,0.22563686003745573
/raid/users/farzaneh/DeepPATH/Meso_4/40x/MESO_4_9.ndpi,40,10,143360,107520,0.22562667809841835,0.22563686003745573
/raid/users/farzaneh/DeepPATH/Meso_4/40x/MESO_4_5.ndpi,40,10,118784,86016,0.22562667809841835,0.22563686003745573
/raid/users/farzaneh/DeepPATH/Meso_4/40x/MESO_4_12.ndpi,40,10,139264,100352,0.22562667809841835,0.22563686003745573
/raid/users/farzaneh/DeepPATH/Meso_4/40x/MESO_4_7.ndpi,40,10,118784,96768,0.22562667809841835,0.22563686003745573
/raid/users/farzaneh/DeepPATH/Meso_4/40x/MESO_4_11.ndpi,40,10,118784,111104,0.22562667809841835,0.22563686003745573
/raid/users/farzaneh/DeepPATH/Meso_4/40x/MESO_4_25.ndpi,40,10,126976,75264,0.22562667809841835,0.22563686003745573
/raid/users/farzaneh/DeepPATH/Meso_4/40x/MESO_4_10.ndpi,40,10,151552,89600,0.22562667809841835,0.22563686003745573
/raid/users/farzaneh/DeepPATH/Meso_4/40x/MESO_4_28.ndpi,40,10,118784,75264,0.22562667809841835,0.22563686003745573
/raid/users/farzaneh/DeepPATH/Meso_4/40x/MESO_4_27.ndpi,40,10,118784,86016,0.22562667809841835,0.22563686003745573
/raid/users/farzaneh/DeepPATH/Meso_4/40x/MESO_4_24.ndpi,40,10,118784,75264,0.22562667809841835,0.22563686003745573
/raid/users/farzaneh/DeepPATH/Meso_4/40x/MESO_4_15.ndpi,40,10,118784,82432,0.22562667809841835,0.22563686003745573
/raid/users/farzaneh/DeepPATH/Meso_4/40x/MESO_4_13.ndpi,40,10,118784,75264,0.22562667809841835,0.22563686003745573
/raid/users/farzaneh/DeepPATH/Meso_8/20x/MESO_8_28.ndpi,20,9,61440,46592,0.45126353790613716,0.4512839027031906
/raid/users/farzaneh/DeepPATH/Meso_8/20x/MESO_8_29.ndpi,20,9,61440,43008,0.45126353790613716,0.4512839027031906
/raid/users/farzaneh/DeepPATH/Meso_8/20x/MESO_8_32.ndpi,20,9,61440,46592,0.45126353790613716,0.4512839027031906
/raid/users/farzaneh/DeepPATH/Meso_8/20x/MESO_8_33.ndpi,20,9,61440,46592,0.45126353790613716,0.4512839027031906
/raid/users/farzaneh/DeepPATH/Meso_8/20x/MESO_8_31.ndpi,20,9,61440,48384,0.45126353790613716,0.4512839027031906
/raid/users/farzaneh/DeepPATH/Meso_8/20x/MESO_8_16.ndpi,20,9,69632,37632,0.45126353790613716,0.4512839027031906
/raid/users/farzaneh/DeepPATH/Meso_8/20x/MESO_8_6.ndpi,20,9,49152,48384,0.45126353790613716,0.4512839027031906
/raid/users/farzaneh/DeepPATH/Meso_8/20x/MESO_8_8.ndpi,20,9,61440,43008,0.45126353790613716,0.4512839027031906
/raid/users/farzaneh/DeepPATH/Meso_8/20x/MESO_8_5.ndpi,20,9,45056,50176,0.45126353790613716,0.4512839027031906
/raid/users/farzaneh/DeepPATH/Meso_8/20x/MESO_8_17.ndpi,20,9,61440,37632,0.45126353790613716,0.4512839027031906
/raid/users/farzaneh/DeepPATH/Meso_8/20x/MESO_8_3.ndpi,40,10,118784,82432,0.22562667809841835,0.22563686003745573
/raid/users/farzaneh/DeepPATH/Meso_8/20x/MESO_8_15.ndpi,20,9,73728,46592,0.45126353790613716,0.4512839027031906
/raid/users/farzaneh/DeepPATH/Meso_8/20x/MESO_8_27.ndpi,20,9,61440,37632,0.45126353790613716,0.4512839027031906
/raid/users/farzaneh/DeepPATH/Meso_8/20x/MESO_8_7.ndpi,20,9,61440,37632,0.45126353790613716,0.4512839027031906
/raid/users/farzaneh/DeepPATH/Meso_8/20x/MESO_8_30.ndpi,20,9,61440,37632,0.45126353790613716,0.4512839027031906
/raid/users/farzaneh/DeepPATH/Meso_8/20x/MESO_8_4.ndpi,20,9,61440,37632,0.45126353790613716,0.4512839027031906
/raid/users/farzaneh/DeepPATH/Meso_22/20x/MESO_22_8.ndpi,20,9,61440,43008,0.45126353790613716,0.4512839027031906
/raid/users/farzaneh/DeepPATH/Meso_22/20x/MESO_22_10.ndpi,20,9,61440,37632,0.45126353790613716,0.4512839027031906
/raid/users/farzaneh/DeepPATH/Meso_22/20x/MESO_22_11.ndpi,20,9,73728,37632,0.45126353790613716,0.4512839027031906
/raid/users/farzaneh/DeepPATH/Meso_22/20x/MESO_22_7.ndpi,20,9,61440,43008,0.45126353790613716,0.4512839027031906
/raid/users/farzaneh/DeepPATH/Meso_22/20x/MESO_22_12.ndpi,20,9,69632,37632,0.45126353790613716,0.4512839027031906
/raid/users/farzaneh/DeepPATH/Meso_22/20x/MESO_22_9.ndpi,20,9,61440,43008,0.45126353790613716,0.4512839027031906
/raid/users/farzaneh/DeepPATH/Meso_5/40x/MESO_5_15.ndpi,40,10,126976,86016,0.22562667809841835,0.22563686003745573
/raid/users/farzaneh/DeepPATH/Meso_5/40x/MESO_5_18.ndpi,40,10,126976,93184,0.22562667809841835,0.22563686003745573
/raid/users/farzaneh/DeepPATH/Meso_5/40x/MESO_5_3.ndpi,40,10,126976,93184,0.22562667809841835,0.22563686003745573
/raid/users/farzaneh/DeepPATH/Meso_5/40x/MESO_5_4.ndpi,40,10,90112,75264,0.22562667809841835,0.22563686003745573
/raid/users/farzaneh/DeepPATH/Meso_5/40x/MESO_5_1.ndpi,40,10,122880,75264,0.22562667809841835,0.22563686003745573
/raid/users/farzaneh/DeepPATH/Meso_5/40x/MESO_5_17.ndpi,40,10,122880,86016,0.22562667809841835,0.22563686003745573
/raid/users/farzaneh/DeepPATH/Meso_5/40x/MESO_5_2.ndpi,40,10,122880,93184,0.22562667809841835,0.22563686003745573
/raid/users/farzaneh/DeepPATH/Meso_5/40x/MESO_5_16.ndpi,40,10,163840,86016,0.22562667809841835,0.22563686003745573
/raid/users/farzaneh/DeepPATH/Meso_5/40x/MESO_5_3_2.ndpi,40,10,126976,93184,0.22562667809841835,0.22563686003745573
/raid/users/farzaneh/DeepPATH/Meso_5/40x/MESO_5_14.ndpi,40,10,139264,86016,0.22562667809841835,0.22563686003745573
/raid/users/farzaneh/DeepPATH/Meso_5/40x/MESO_5_12.ndpi,40,10,122880,75264,0.22562667809841835,0.22563686003745573
/raid/users/farzaneh/DeepPATH/Meso_5/40x/MESO_5_13.ndpi,40,10,122880,75264,0.22562667809841835,0.22563686003745573
/raid/users/farzaneh/DeepPATH/Meso_5/40x/MESO_5_5.ndpi,40,10,106496,86016,0.22562667809841835,0.22563686003745573
/raid/users/farzaneh/DeepPATH/Meso_5/40x/MESO_5_7.ndpi,40,10,192512,89600,0.22562667809841835,0.22563686003745573
/raid/users/farzaneh/DeepPATH/Meso_5/40x/MESO_5_8.ndpi,40,10,122880,86016,0.22562667809841835,0.22563686003745573
/raid/users/farzaneh/DeepPATH/Meso_5/40x/MESO_5_6.ndpi,40,10,122880,86016,0.22562667809841835,0.22563686003745573
/raid/users/farzaneh/DeepPATH/Meso_5/40x/MESO_5_11.ndpi,40,10,122880,89600,0.22562667809841835,0.22563686003745573
/raid/users/farzaneh/DeepPATH/Meso_5/40x/MESO_5_9.ndpi,40,10,122880,75264,0.22562667809841835,0.22563686003745573
/raid/users/farzaneh/DeepPATH/Meso_5/40x/MESO_5_10.ndpi,40,10,122880,75264,0.22562667809841835,0.22563686003745573
/raid/users/farzaneh/DeepPATH/Meso_16/20x/MESO_16_25.ndpi,20,9,61440,43008,0.45126353790613716,0.4512839027031906
/raid/users/farzaneh/DeepPATH/Meso_16/20x/MESO_16_21.ndpi,20,9,61440,46592,0.45126353790613716,0.4512839027031906
/raid/users/farzaneh/DeepPATH/Meso_16/20x/MESO_16_20.ndpi,20,9,61440,37632,0.45126353790613716,0.4512839027031906
/raid/users/farzaneh/DeepPATH/Meso_16/20x/MESO_16_23.ndpi,20,9,61440,37632,0.45126353790613716,0.4512839027031906
/raid/users/farzaneh/DeepPATH/Meso_16/20x/MESO_16_24.ndpi,20,9,49152,44800,0.45126353790613716,0.4512839027031906
/raid/users/farzaneh/DeepPATH/Meso_16/20x/MESO_16_26.ndpi,20,9,45056,37632,0.45126353790613716,0.4512839027031906
/raid/users/farzaneh/DeepPATH/Meso_16/20x/MESO_16_22.ndpi,20,9,65536,44800,0.45126353790613716,0.4512839027031906
/raid/users/farzaneh/DeepPATH/Meso_28/20x/MESO_28_14.ndpi,20,9,65536,35840,0.45126353790613716,0.4512839027031906
/raid/users/farzaneh/DeepPATH/Meso_28/20x/MESO_28_7.ndpi,20,9,61440,37632,0.45126353790613716,0.4512839027031906
/raid/users/farzaneh/DeepPATH/Meso_28/20x/MESO_28_9.ndpi,20,9,61440,37632,0.45126353790613716,0.4512839027031906
/raid/users/farzaneh/DeepPATH/Meso_28/20x/MESO_28_11.ndpi,20,9,61440,37632,0.45126353790613716,0.4512839027031906
/raid/users/farzaneh/DeepPATH/Meso_28/20x/MESO_28_12.ndpi,20,9,73728,46592,0.45126353790613716,0.4512839027031906
/raid/users/farzaneh/DeepPATH/Meso_41/20x/MESO_41_19.ndpi,20,9,61440,43008,0.45126353790613716,0.4512839027031906
/raid/users/farzaneh/DeepPATH/Meso_41/20x/MESO_41_18.ndpi,20,9,53248,37632,0.45126353790613716,0.4512839027031906
/raid/users/farzaneh/DeepPATH/Meso_41/20x/MESO_41_27.ndpi,20,9,57344,35840,0.45126353790613716,0.4512839027031906
/raid/users/farzaneh/DeepPATH/Meso_41/20x/MESO_41_22.ndpi,20,9,53248,25088,0.45126353790613716,0.4512839027031906
/raid/users/farzaneh/DeepPATH/Meso_41/20x/MESO_41_21.ndpi,20,9,61440,43008,0.45126353790613716,0.4512839027031906
/raid/users/farzaneh/DeepPATH/Meso_41/20x/MESO_41_26.ndpi,20,9,53248,25088,0.45126353790613716,0.4512839027031906
/raid/users/farzaneh/DeepPATH/Meso_41/20x/MESO_41_20.ndpi,20,9,73728,44800,0.45126353790613716,0.4512839027031906
/raid/users/farzaneh/DeepPATH/Meso_41/20x/MESO_41_17.ndpi,20,9,53248,32256,0.45126353790613716,0.4512839027031906
/raid/users/farzaneh/DeepPATH/Meso_41/20x/MESO_41_16.ndpi,20,9,53248,37632,0.45126353790613716,0.4512839027031906
/raid/users/farzaneh/DeepPATH/Meso_41/20x/MESO_41_25.ndpi,20,9,49152,41216,0.45126353790613716,0.4512839027031906
/raid/users/farzaneh/DeepPATH/Meso_41/20x/MESO_41_24.ndpi,20,9,61440,44800,0.45126353790613716,0.4512839027031906
/raid/users/farzaneh/DeepPATH/Meso_23/20x/MESO_23_2.ndpi,20,9,65536,50176,0.45126353790613716,0.4512839027031906
/raid/users/farzaneh/DeepPATH/Meso_23/20x/MESO_23_1.ndpi,20,9,61440,43008,0.45126353790613716,0.4512839027031906
/raid/users/farzaneh/DeepPATH/Meso_23/20x/MESO_23_3.ndpi,20,9,65536,43008,0.45126353790613716,0.4512839027031906
/raid/users/farzaneh/DeepPATH/Meso_23/20x/MESO_23_4.ndpi,20,9,61440,44800,0.45126353790613716,0.4512839027031906
/raid/users/farzaneh/DeepPATH/Meso_23/20x/MESO_23_5.ndpi,20,9,61440,50176,0.45126353790613716,0.4512839027031906
/raid/users/farzaneh/DeepPATH/Meso_48/20x/MESO_48_25.ndpi,20,9,61440,44800,0.45126353790613716,0.4512839027031906
/raid/users/farzaneh/DeepPATH/Meso_48/20x/MESO_48_36.ndpi,20,9,61440,37632,0.45126353790613716,0.4512839027031906
/raid/users/farzaneh/DeepPATH/Meso_48/20x/MESO_48_35.ndpi,20,9,65536,44800,0.45126353790613716,0.4512839027031906
/raid/users/farzaneh/DeepPATH/Meso_48/20x/MESO_48_24.ndpi,20,9,61440,48384,0.45126353790613716,0.4512839027031906
/raid/users/farzaneh/DeepPATH/Meso_48/20x/MESO_48_37.ndpi,20,9,61440,37632,0.45126353790613716,0.4512839027031906
/raid/users/farzaneh/DeepPATH/Meso_48/20x/MESO_48_23.ndpi,20,9,61440,44800,0.45126353790613716,0.4512839027031906
/raid/users/farzaneh/DeepPATH/Meso_48/20x/MESO_48_34.ndpi,20,9,65536,50176,0.45126353790613716,0.4512839027031906
/raid/users/farzaneh/DeepPATH/Meso_48/20x/MESO_48_19.ndpi,20,9,61440,44800,0.45126353790613716,0.4512839027031906
/raid/users/farzaneh/DeepPATH/Meso_25/20x/MESO_25_12.ndpi,20,9,61440,37632,0.45126353790613716,0.4512839027031906
/raid/users/farzaneh/DeepPATH/Meso_25/20x/MESO_25_11.ndpi,20,9,61440,50176,0.45126353790613716,0.4512839027031906
/raid/users/farzaneh/DeepPATH/Meso_25/20x/MESO_25_5.ndpi,20,9,61440,50176,0.45126353790613716,0.4512839027031906
/raid/users/farzaneh/DeepPATH/Meso_25/20x/MESO_25_7.ndpi,20,9,61440,43008,0.45126353790613716,0.4512839027031906
/raid/users/farzaneh/DeepPATH/Meso_25/20x/MESO_25_8.ndpi,20,9,61440,44800,0.45126353790613716,0.4512839027031906
/raid/users/farzaneh/DeepPATH/Meso_55/MESO_55_18.ndpi,20,9,53248,32256,0.45126353790613716,0.4512839027031906
/raid/users/farzaneh/DeepPATH/Meso_55/MESO_55_16.ndpi,20,9,57344,28672,0.45126353790613716,0.4512839027031906
/raid/users/farzaneh/DeepPATH/Meso_55/MESO_55_11.ndpi,20,9,45056,37632,0.45126353790613716,0.4512839027031906
/raid/users/farzaneh/DeepPATH/Meso_55/MESO_55_19.ndpi,20,9,61440,44800,0.45126353790613716,0.4512839027031906
/raid/users/farzaneh/DeepPATH/Meso_55/MESO_55_10.ndpi,20,9,53248,37632,0.45126353790613716,0.4512839027031906
/raid/users/farzaneh/DeepPATH/Meso_55/MESO_55_15.ndpi,20,9,61440,37632,0.45126353790613716,0.4512839027031906
/raid/users/farzaneh/DeepPATH/Meso_55/MESO_55_12.ndpi,20,9,49152,37632,0.45126353790613716,0.4512839027031906
/raid/users/farzaneh/DeepPATH/Meso_58/20x/MESO_58_4.ndpi,20,9,61440,46592,0.45126353790613716,0.4512839027031906
/raid/users/farzaneh/DeepPATH/Meso_58/20x/MESO_58_3.ndpi,20,9,61440,46592,0.45126353790613716,0.4512839027031906
/raid/users/farzaneh/DeepPATH/Meso_58/20x/MESO_58_5.ndpi,20,9,61440,48384,0.45126353790613716,0.4512839027031906
/raid/users/farzaneh/DeepPATH/Meso_58/20x/MESO_58_9.ndpi,20,9,61440,48384,0.45126353790613716,0.4512839027031906
/raid/users/farzaneh/DeepPATH/Meso_58/20x/MESO_58_11.ndpi,20,9,61440,53760,0.45126353790613716,0.4512839027031906
/raid/users/farzaneh/DeepPATH/Meso_58/20x/MESO_58_8.ndpi,20,9,61440,53760,0.45126353790613716,0.4512839027031906
/raid/users/farzaneh/DeepPATH/Meso_58/20x/MESO_58_2.ndpi,20,9,73728,44800,0.45126353790613716,0.4512839027031906
/raid/users/farzaneh/DeepPATH/Meso_45/20x/MESO_45_12.ndpi,20,9,49152,37632,0.45126353790613716,0.4512839027031906
/raid/users/farzaneh/DeepPATH/Meso_45/20x/MESO_45_20.ndpi,20,9,40960,37632,0.45126353790613716,0.4512839027031906
/raid/users/farzaneh/DeepPATH/Meso_45/20x/MESO_45_16.ndpi,20,9,61440,30464,0.45126353790613716,0.4512839027031906
/raid/users/farzaneh/DeepPATH/Meso_45/20x/MESO_45_13.ndpi,20,9,53248,26880,0.45126353790613716,0.4512839027031906
/raid/users/farzaneh/DeepPATH/Meso_45/20x/MESO_45_15.ndpi,20,9,57344,35840,0.45126353790613716,0.4512839027031906
/raid/users/farzaneh/DeepPATH/Meso_45/20x/MESO_45_19.ndpi,20,9,40960,37632,0.45126353790613716,0.4512839027031906
/raid/users/farzaneh/DeepPATH/Meso_45/20x/MESO_45_14.ndpi,20,9,40960,30464,0.45126353790613716,0.4512839027031906
/raid/users/farzaneh/DeepPATH/Meso_44/20x/MESO_44_11.ndpi,20,9,65536,43008,0.45126353790613716,0.4512839027031906
/raid/users/farzaneh/DeepPATH/Meso_44/20x/MESO_44_7.ndpi,20,9,61440,37632,0.45126353790613716,0.4512839027031906
/raid/users/farzaneh/DeepPATH/Meso_44/20x/MESO_44_9.ndpi,20,9,61440,43008,0.45126353790613716,0.4512839027031906
/raid/users/farzaneh/DeepPATH/Meso_44/20x/MESO_44_12.ndpi,20,9,61440,37632,0.45126353790613716,0.4512839027031906
/raid/users/farzaneh/DeepPATH/Meso_44/20x/MESO_44_6.ndpi,20,9,61440,37632,0.45126353790613716,0.4512839027031906
/raid/users/farzaneh/DeepPATH/Meso_44/20x/MESO_44_10.ndpi,20,9,49152,37632,0.45126353790613716,0.4512839027031906
/raid/users/farzaneh/DeepPATH/Meso_44/20x/MESO_44_13.ndpi,20,9,61440,37632,0.45126353790613716,0.4512839027031906
/raid/users/farzaneh/DeepPATH/Meso_1/40x/MESO_1_18.ndpi,40,10,65536,75264,0.22562667809841835,0.22563686003745573
/raid/users/farzaneh/DeepPATH/Meso_1/40x/MESO_1_17.ndpi,40,10,118784,75264,0.22562667809841835,0.22563686003745573
/raid/users/farzaneh/DeepPATH/Meso_1/40x/MESO_1_22.ndpi,40,10,118784,89600,0.22562667809841835,0.22563686003745573
/raid/users/farzaneh/DeepPATH/Meso_1/40x/MESO_1_15.ndpi,40,10,126976,100352,0.22562667809841835,0.22563686003745573
/raid/users/farzaneh/DeepPATH/Meso_1/40x/MESO_1_19.ndpi,40,10,118784,89600,0.22562667809841835,0.22563686003745573
/raid/users/farzaneh/DeepPATH/Meso_1/40x/MESO_1_20.ndpi,40,10,126976,50176,0.22562667809841835,0.22563686003745573
/raid/users/farzaneh/DeepPATH/Meso_1/40x/MESO_1_14.ndpi,40,10,135168,93184,0.22562667809841835,0.22563686003745573
/raid/users/farzaneh/DeepPATH/Meso_1/40x/MESO_1_16.ndpi,40,10,118784,75264,0.22562667809841835,0.22563686003745573
/raid/users/farzaneh/DeepPATH/Meso_1/40x/MESO_1_13.ndpi,40,10,126976,93184,0.22562667809841835,0.22563686003745573
/raid/users/farzaneh/DeepPATH/Meso_1/40x/MESO_1_21.ndpi,40,10,118784,86016,0.22562667809841835,0.22563686003745573
/raid/users/farzaneh/DeepPATH/Meso_512/40x/MESO_512_14.ndpi,40,10,196608,111104,0.2255401687040462,0.2255401687040462
/raid/users/farzaneh/DeepPATH/Meso_512/40x/MESO_512_5.ndpi,40,10,192512,111104,0.2255401687040462,0.2255401687040462
/raid/users/farzaneh/DeepPATH/Meso_512/40x/MESO_512_18.ndpi,40,10,176128,111104,0.2255401687040462,0.2255401687040462
/raid/users/farzaneh/DeepPATH/Meso_512/40x/MESO_512_19.ndpi,40,10,208896,111104,0.2255401687040462,0.2255401687040462
/raid/users/farzaneh/DeepPATH/Meso_512/40x/MESO_512_16.ndpi,40,10,208896,111104,0.2255401687040462,0.2255401687040462
/raid/users/farzaneh/DeepPATH/Meso_512/40x/MESO_512_4.ndpi,40,10,163840,111104,0.2255401687040462,0.2255401687040462
/raid/users/farzaneh/DeepPATH/Meso_512/40x/MESO_512_17.ndpi,40,10,208896,111104,0.2255401687040462,0.2255401687040462
/raid/users/farzaneh/DeepPATH/Meso_512/40x/MESO_512_15.ndpi,40,10,139264,111104,0.2255401687040462,0.2255401687040462
/raid/users/farzaneh/DeepPATH/Meso_512/40x/MESO_512_13.ndpi,40,10,208896,111104,0.2255401687040462,0.2255401687040462
/raid/users/farzaneh/DeepPATH/Meso_40/20x/MESO_40_13.ndpi,20,9,53248,25088,0.45126353790613716,0.4512839027031906
/raid/users/farzaneh/DeepPATH/Meso_40/20x/MESO_40_14.ndpi,20,9,61440,37632,0.45126353790613716,0.4512839027031906
/raid/users/farzaneh/DeepPATH/Meso_40/20x/MESO_40_18.ndpi,20,9,61440,28672,0.45126353790613716,0.4512839027031906
/raid/users/farzaneh/DeepPATH/Meso_40/20x/MESO_40_11.ndpi,20,9,61440,28672,0.45126353790613716,0.4512839027031906
/raid/users/farzaneh/DeepPATH/Meso_40/20x/MESO_40_16.ndpi,20,9,61440,44800,0.45126353790613716,0.4512839027031906
/raid/users/farzaneh/DeepPATH/Meso_40/20x/MESO_40_10.ndpi,20,9,57344,41216,0.45126353790613716,0.4512839027031906
/raid/users/farzaneh/DeepPATH/Meso_2/40x/MESO_2_23.ndpi,40,10,118784,86016,0.22562667809841835,0.22563686003745573
/raid/users/farzaneh/DeepPATH/Meso_2/40x/MESO_2_27.ndpi,40,10,118784,75264,0.22562667809841835,0.22563686003745573
/raid/users/farzaneh/DeepPATH/Meso_2/40x/MESO_2_35.ndpi,40,10,118784,75264,0.22562667809841835,0.22563686003745573
/raid/users/farzaneh/DeepPATH/Meso_2/40x/MESO_2_15.ndpi,40,10,118784,89600,0.22562667809841835,0.22563686003745573
/raid/users/farzaneh/DeepPATH/Meso_2/40x/MESO_2_30.ndpi,40,10,118784,93184,0.22562667809841835,0.22563686003745573
/raid/users/farzaneh/DeepPATH/Meso_2/40x/MESO_2_32.ndpi,40,10,118784,82432,0.22562667809841835,0.22563686003745573
/raid/users/farzaneh/DeepPATH/Meso_2/40x/MESO_2_29.ndpi,40,10,98304,64512,0.22562667809841835,0.22563686003745573
/raid/users/farzaneh/DeepPATH/Meso_2/40x/MESO_2_24.ndpi,40,10,118784,75264,0.22562667809841835,0.22563686003745573
/raid/users/farzaneh/DeepPATH/Meso_2/40x/MESO_2_21.ndpi,40,10,118784,75264,0.22562667809841835,0.22563686003745573
/raid/users/farzaneh/DeepPATH/Meso_2/40x/MESO_2_33.ndpi,40,10,118784,75264,0.22562667809841835,0.22563686003745573
/raid/users/farzaneh/DeepPATH/Meso_2/40x/MESO_2_19.ndpi,40,10,131072,75264,0.22562667809841835,0.22563686003745573
/raid/users/farzaneh/DeepPATH/Meso_2/40x/MESO_2_26.ndpi,40,10,118784,75264,0.22562667809841835,0.22563686003745573
/raid/users/farzaneh/DeepPATH/Meso_2/40x/MESO_2_18.ndpi,40,10,118784,75264,0.22562667809841835,0.22563686003745573
/raid/users/farzaneh/DeepPATH/Meso_2/40x/MESO_2_22.ndpi,40,10,118784,75264,0.22562667809841835,0.22563686003745573
/raid/users/farzaneh/DeepPATH/Meso_2/40x/MESO_2_16.ndpi,40,10,118784,75264,0.22562667809841835,0.22563686003745573
/raid/users/farzaneh/DeepPATH/Meso_2/40x/MESO_2_25.ndpi,40,10,118784,89600,0.22562667809841835,0.22563686003745573
/raid/users/farzaneh/DeepPATH/Meso_2/40x/MESO_2_17.ndpi,40,10,118784,75264,0.22562667809841835,0.22563686003745573
/raid/users/farzaneh/DeepPATH/Meso_2/40x/MESO_2_31.ndpi,40,10,118784,75264,0.22562667809841835,0.22563686003745573
/raid/users/farzaneh/DeepPATH/Meso_2/40x/MESO_2_14.ndpi,40,10,118784,86016,0.22562667809841835,0.22563686003745573
/raid/users/farzaneh/DeepPATH/Meso_2/40x/MESO_2_34.ndpi,40,10,118784,78848,0.22562667809841835,0.22563686003745573
/raid/users/farzaneh/DeepPATH/Meso_2/40x/MESO_2_28.ndpi,40,10,118784,75264,0.22562667809841835,0.22563686003745573
/raid/users/farzaneh/DeepPATH/Meso_53/MESO_53_14.ndpi,20,9,61440,48384,0.45126353790613716,0.4512839027031906
/raid/users/farzaneh/DeepPATH/Meso_53/MESO_53_12.ndpi,20,9,61440,37632,0.45126353790613716,0.4512839027031906
/raid/users/farzaneh/DeepPATH/Meso_53/MESO_53_15.ndpi,20,9,61440,46592,0.45126353790613716,0.4512839027031906
/raid/users/farzaneh/DeepPATH/Meso_53/MESO_53_10.ndpi,20,9,61440,43008,0.45126353790613716,0.4512839027031906
/raid/users/farzaneh/DeepPATH/Meso_53/MESO_53_16.ndpi,20,9,61440,46592,0.45126353790613716,0.4512839027031906
/raid/users/farzaneh/DeepPATH/Meso_53/MESO_53_17.ndpi,20,9,61440,44800,0.45126353790613716,0.4512839027031906
/raid/users/farzaneh/DeepPATH/Meso_38/20x/MESO_38_17.ndpi,20,9,53248,46592,0.45126353790613716,0.4512839027031906
/raid/users/farzaneh/DeepPATH/Meso_38/20x/MESO_38_14.ndpi,20,9,61440,37632,0.45126353790613716,0.4512839027031906
/raid/users/farzaneh/DeepPATH/Meso_38/20x/MESO_38_13.ndpi,20,9,61440,50176,0.45126353790613716,0.4512839027031906
/raid/users/farzaneh/DeepPATH/Meso_38/20x/MESO_38_20.ndpi,20,9,61440,50176,0.45126353790613716,0.4512839027031906
/raid/users/farzaneh/DeepPATH/Meso_38/20x/MESO_38_18.ndpi,20,9,61440,48384,0.45126353790613716,0.4512839027031906
/raid/users/farzaneh/DeepPATH/Meso_38/20x/MESO_38_11.ndpi,20,9,65536,46592,0.45126353790613716,0.4512839027031906
/raid/users/farzaneh/DeepPATH/Meso_38/20x/MESO_38_12.ndpi,20,9,61440,37632,0.45126353790613716,0.4512839027031906
/raid/users/farzaneh/DeepPATH/Meso_29/20x/MESO_29_14.ndpi,20,9,61440,37632,0.45126353790613716,0.4512839027031906
/raid/users/farzaneh/DeepPATH/Meso_29/20x/MESO_29_15.ndpi,20,9,61440,37632,0.45126353790613716,0.4512839027031906
/raid/users/farzaneh/DeepPATH/Meso_29/20x/MESO_29_12.ndpi,20,9,49152,37632,0.45126353790613716,0.4512839027031906
/raid/users/farzaneh/DeepPATH/Meso_29/20x/MESO_29_18.ndpi,20,9,53248,37632,0.45126353790613716,0.4512839027031906
/raid/users/farzaneh/DeepPATH/Meso_29/20x/MESO_29_11.ndpi,20,9,61440,46592,0.45126353790613716,0.4512839027031906
/raid/users/farzaneh/DeepPATH/Meso_29/20x/MESO_29_16.ndpi,20,9,61440,37632,0.45126353790613716,0.4512839027031906
/raid/users/farzaneh/DeepPATH/Meso_29/20x/MESO_29_13.ndpi,20,9,61440,26880,0.45126353790613716,0.4512839027031906
/raid/users/farzaneh/DeepPATH/Meso_29/20x/MESO_29_17.ndpi,20,9,61440,37632,0.45126353790613716,0.4512839027031906
/raid/users/farzaneh/DeepPATH/Meso_33/20x/MESO_33_26.ndpi,20,9,61440,37632,0.45126353790613716,0.4512839027031906
/raid/users/farzaneh/DeepPATH/Meso_33/20x/MESO_33_22.ndpi,20,9,53248,46592,0.45126353790613716,0.4512839027031906
/raid/users/farzaneh/DeepPATH/Meso_33/20x/MESO_33_3.ndpi,20,9,65536,50176,0.45126353790613716,0.4512839027031906
/raid/users/farzaneh/DeepPATH/Meso_33/20x/MESO_33_23.ndpi,20,9,69632,37632,0.45126353790613716,0.4512839027031906
/raid/users/farzaneh/DeepPATH/Meso_33/20x/MESO_33_25.ndpi,20,9,65536,46592,0.45126353790613716,0.4512839027031906
/raid/users/farzaneh/DeepPATH/Meso_33/20x/MESO_33_24.ndpi,20,9,53248,46592,0.45126353790613716,0.4512839027031906
/raid/users/farzaneh/DeepPATH/Meso_14/20x/MESO_14_8.ndpi,20,9,49152,37632,0.45126353790613716,0.4512839027031906
/raid/users/farzaneh/DeepPATH/Meso_14/20x/MESO_14_12.ndpi,20,9,53248,44800,0.45126353790613716,0.4512839027031906
/raid/users/farzaneh/DeepPATH/Meso_14/20x/MESO_14_11.ndpi,20,9,61440,46592,0.45126353790613716,0.4512839027031906
/raid/users/farzaneh/DeepPATH/Meso_14/20x/MESO_14_14.ndpi,20,9,61440,44800,0.45126353790613716,0.4512839027031906
/raid/users/farzaneh/DeepPATH/Meso_14/20x/MESO_14_13.ndpi,20,9,65536,50176,0.45126353790613716,0.4512839027031906
/raid/users/farzaneh/DeepPATH/Meso_14/20x/MESO_14_10.ndpi,20,9,61440,44800,0.45126353790613716,0.4512839027031906
/raid/users/farzaneh/DeepPATH/Meso_39/MESO_39_17.ndpi,20,9,61440,46592,0.45126353790613716,0.4512839027031906
/raid/users/farzaneh/DeepPATH/Meso_39/MESO_39_23.ndpi,20,9,61440,44800,0.45126353790613716,0.4512839027031906
/raid/users/farzaneh/DeepPATH/Meso_39/MESO_39_22.ndpi,20,9,61440,44800,0.45126353790613716,0.4512839027031906
/raid/users/farzaneh/DeepPATH/Meso_39/MESO_39_18.ndpi,20,9,61440,44800,0.45126353790613716,0.4512839027031906
/raid/users/farzaneh/DeepPATH/Meso_39/MESO_39_13.ndpi,20,9,61440,37632,0.45126353790613716,0.4512839027031906
/raid/users/farzaneh/DeepPATH/Meso_39/MESO_39_11.ndpi,20,9,61440,48384,0.45126353790613716,0.4512839027031906
/raid/users/farzaneh/DeepPATH/Meso_46/20x/MESO_46_11.ndpi,20,9,57344,35840,0.45126353790613716,0.4512839027031906
/raid/users/farzaneh/DeepPATH/Meso_46/20x/MESO_46_6.ndpi,20,9,61440,37632,0.45126353790613716,0.4512839027031906
/raid/users/farzaneh/DeepPATH/Meso_46/20x/MESO_46_8.ndpi,20,9,61440,46592,0.45126353790613716,0.4512839027031906
/raid/users/farzaneh/DeepPATH/Meso_46/20x/MESO_46_7.ndpi,20,9,61440,48384,0.45126353790613716,0.4512839027031906
/raid/users/farzaneh/DeepPATH/Meso_46/20x/MESO_46_12.ndpi,20,9,61440,43008,0.45126353790613716,0.4512839027031906
/raid/users/farzaneh/DeepPATH/Meso_26/20x/MESO_26_6.ndpi,20,9,61440,50176,0.45126353790613716,0.4512839027031906
/raid/users/farzaneh/DeepPATH/Meso_26/20x/MESO_26_7.ndpi,20,9,61440,43008,0.45126353790613716,0.4512839027031906
/raid/users/farzaneh/DeepPATH/Meso_26/20x/MESO_26_8.ndpi,20,9,61440,37632,0.45126353790613716,0.4512839027031906
/raid/users/farzaneh/DeepPATH/Meso_26/20x/MESO_26_5.ndpi,20,9,61440,37632,0.45126353790613716,0.4512839027031906
/raid/users/farzaneh/DeepPATH/Meso_26/20x/MESO_26_9.ndpi,20,9,61440,50176,0.45126353790613716,0.4512839027031906
/raid/users/farzaneh/DeepPATH/Meso_12/20x/MESO_12_12.ndpi,20,9,69632,46592,0.45126353790613716,0.4512839027031906
/raid/users/farzaneh/DeepPATH/Meso_12/20x/MESO_12_16.ndpi,20,9,81920,37632,0.45126353790613716,0.4512839027031906
/raid/users/farzaneh/DeepPATH/Meso_12/20x/MESO_12_20.ndpi,20,9,94208,43008,0.45126353790613716,0.4512839027031906
/raid/users/farzaneh/DeepPATH/Meso_12/20x/MESO_12_19.ndpi,20,9,61440,37632,0.45126353790613716,0.4512839027031906
/raid/users/farzaneh/DeepPATH/Meso_12/20x/MESO_12_18.ndpi,20,9,61440,37632,0.45126353790613716,0.4512839027031906
/raid/users/farzaneh/DeepPATH/Meso_12/20x/MESO_12_15.ndpi,20,9,81920,37632,0.45126353790613716,0.4512839027031906
/raid/users/farzaneh/DeepPATH/Meso_12/20x/MESO_12_17.ndpi,20,9,61440,37632,0.45126353790613716,0.4512839027031906
/raid/users/farzaneh/DeepPATH/Meso_12/20x/MESO_12_13.ndpi,20,9,61440,37632,0.45126353790613716,0.4512839027031906
/raid/users/farzaneh/DeepPATH/Meso_12/20x/MESO_12_10.ndpi,20,9,61440,37632,0.45126353790613716,0.4512839027031906
/raid/users/farzaneh/DeepPATH/Meso_12/20x/MESO_12_21.ndpi,20,9,69632,37632,0.45126353790613716,0.4512839027031906
/raid/users/farzaneh/DeepPATH/Meso_12/20x/MESO_12_14.ndpi,20,9,61440,46592,0.45126353790613716,0.4512839027031906
/raid/users/farzaneh/DeepPATH/Meso_12/20x/MESO_12_11.ndpi,20,9,61440,43008,0.45126353790613716,0.4512839027031906
/raid/users/farzaneh/DeepPATH/Meso_27/20x/MESO_27_6.ndpi,20,9,61440,37632,0.45126353790613716,0.4512839027031906
/raid/users/farzaneh/DeepPATH/Meso_27/20x/MESO_27_9.ndpi,20,9,61440,46592,0.45126353790613716,0.4512839027031906
/raid/users/farzaneh/DeepPATH/Meso_27/20x/MESO_27_5.ndpi,20,9,61440,44800,0.45126353790613716,0.4512839027031906
/raid/users/farzaneh/DeepPATH/Meso_27/20x/MESO_27_8.ndpi,20,9,61440,37632,0.45126353790613716,0.4512839027031906
/raid/users/farzaneh/DeepPATH/Meso_27/20x/MESO_27_7.ndpi,20,9,61440,46592,0.45126353790613716,0.4512839027031906
/raid/users/farzaneh/DeepPATH/Meso_27/20x/MESO_27_4.ndpi,20,9,65536,37632,0.45126353790613716,0.4512839027031906
/raid/users/farzaneh/DeepPATH/Meso_20/20x/MESO_20_13.ndpi,20,9,57344,48384,0.45126353790613716,0.4512839027031906
/raid/users/farzaneh/DeepPATH/Meso_20/20x/MESO_20_6.ndpi,20,9,61440,41216,0.45126353790613716,0.4512839027031906
/raid/users/farzaneh/DeepPATH/Meso_20/20x/MESO_20_4.ndpi,20,9,45056,46592,0.45126353790613716,0.4512839027031906
/raid/users/farzaneh/DeepPATH/Meso_20/20x/MESO_20_12.ndpi,20,9,61440,46592,0.45126353790613716,0.4512839027031906
/raid/users/farzaneh/DeepPATH/Meso_20/20x/MESO_20_11.ndpi,20,9,57344,50176,0.45126353790613716,0.4512839027031906
/raid/users/farzaneh/DeepPATH/Meso_20/20x/MESO_20_14.ndpi,20,9,65536,51968,0.45126353790613716,0.4512839027031906
/raid/users/farzaneh/DeepPATH/Meso_20/20x/MESO_20_9.ndpi,20,9,57344,43008,0.45126353790613716,0.4512839027031906
/raid/users/farzaneh/DeepPATH/Meso_20/20x/MESO_20_2.ndpi,20,9,61440,50176,0.45126353790613716,0.4512839027031906
/raid/users/farzaneh/DeepPATH/Meso_20/20x/MESO_20_8.ndpi,20,9,40960,50176,0.45126353790613716,0.4512839027031906
/raid/users/farzaneh/DeepPATH/Meso_20/20x/MESO_20_7.ndpi,20,9,57344,55552,0.45126353790613716,0.4512839027031906
/raid/users/farzaneh/DeepPATH/Meso_36/20x/MESO_36_2.ndpi,20,9,61440,44800,0.45126353790613716,0.4512839027031906
/raid/users/farzaneh/DeepPATH/Meso_36/20x/MESO_36_4.ndpi,20,9,65536,37632,0.45126353790613716,0.4512839027031906
/raid/users/farzaneh/DeepPATH/Meso_36/20x/MESO_36_3.ndpi,20,9,61440,46592,0.45126353790613716,0.4512839027031906
/raid/users/farzaneh/DeepPATH/Meso_32/20x/MESO_32_25.ndpi,20,9,49152,32256,0.45126353790613716,0.4512839027031906
/raid/users/farzaneh/DeepPATH/Meso_32/20x/MESO_32_22.ndpi,20,9,61440,37632,0.45126353790613716,0.4512839027031906
/raid/users/farzaneh/DeepPATH/Meso_32/20x/MESO_32_27.ndpi,20,9,61440,44800,0.45126353790613716,0.4512839027031906
/raid/users/farzaneh/DeepPATH/Meso_32/20x/MESO_32_21.ndpi,20,9,69632,48384,0.45126353790613716,0.4512839027031906
/raid/users/farzaneh/DeepPATH/Meso_32/20x/MESO_32_26.ndpi,20,9,53248,28672,0.45126353790613716,0.4512839027031906
/raid/users/farzaneh/DeepPATH/Meso_54/20x/MESO_54_19.ndpi,20,9,61440,37632,0.45126353790613716,0.4512839027031906
/raid/users/farzaneh/DeepPATH/Meso_54/20x/MESO_54_28.ndpi,20,9,49152,48384,0.45126353790613716,0.4512839027031906
/raid/users/farzaneh/DeepPATH/Meso_54/20x/MESO_54_27.ndpi,20,9,73728,50176,0.45126353790613716,0.4512839027031906
/raid/users/farzaneh/DeepPATH/Meso_54/20x/MESO_54_25.ndpi,20,9,61440,48384,0.45126353790613716,0.4512839027031906
/raid/users/farzaneh/DeepPATH/Meso_54/20x/MESO_54_21.ndpi,20,9,61440,46592,0.45126353790613716,0.4512839027031906
/raid/users/farzaneh/DeepPATH/Meso_54/20x/MESO_54_17.ndpi,20,9,61440,44800,0.45126353790613716,0.4512839027031906
/raid/users/farzaneh/DeepPATH/Meso_54/20x/MESO_54_22.ndpi,20,9,61440,37632,0.45126353790613716,0.4512839027031906
/raid/users/farzaneh/DeepPATH/Meso_54/20x/MESO_54_24.ndpi,20,9,61440,46592,0.45126353790613716,0.4512839027031906
/raid/users/farzaneh/DeepPATH/Meso_30/20x/MESO_30_13.ndpi,20,9,61440,37632,0.45126353790613716,0.4512839027031906
/raid/users/farzaneh/DeepPATH/Meso_30/20x/MESO_30_20.ndpi,20,9,65536,43008,0.45126353790613716,0.4512839027031906
/raid/users/farzaneh/DeepPATH/Meso_30/20x/MESO_30_22.ndpi,20,9,61440,43008,0.45126353790613716,0.4512839027031906
/raid/users/farzaneh/DeepPATH/Meso_30/20x/MESO_30_23.ndpi,20,9,61440,41216,0.45126353790613716,0.4512839027031906
/raid/users/farzaneh/DeepPATH/Meso_30/20x/MESO_30_15.ndpi,20,9,61440,37632,0.45126353790613716,0.4512839027031906
/raid/users/farzaneh/DeepPATH/Meso_30/20x/MESO_30_14.ndpi,20,9,61440,37632,0.45126353790613716,0.4512839027031906
/raid/users/farzaneh/DeepPATH/Meso_30/20x/MESO_30_12.ndpi,40,10,118784,75264,0.22562667809841835,0.22563686003745573
/raid/users/farzaneh/DeepPATH/Meso_30/20x/MESO_30_21.ndpi,20,9,61440,37632,0.45126353790613716,0.4512839027031906
/raid/users/farzaneh/DeepPATH/Meso_49/20x/MESO_49_20.ndpi,20,9,61440,50176,0.45126353790613716,0.4512839027031906
/raid/users/farzaneh/DeepPATH/Meso_49/20x/MESO_49_19.ndpi,20,9,61440,43008,0.45126353790613716,0.4512839027031906
/raid/users/farzaneh/DeepPATH/Meso_49/20x/MESO_49_26.ndpi,20,9,61440,46592,0.45126353790613716,0.4512839027031906
/raid/users/farzaneh/DeepPATH/Meso_49/20x/MESO_49_25.ndpi,20,9,61440,37632,0.45126353790613716,0.4512839027031906
/raid/users/farzaneh/DeepPATH/Meso_49/20x/MESO_49_22.ndpi,20,9,69632,53760,0.45126353790613716,0.4512839027031906
/raid/users/farzaneh/DeepPATH/Meso_31/20x/MESO_31_14.ndpi,20,9,45056,37632,0.45126353790613716,0.4512839027031906
/raid/users/farzaneh/DeepPATH/Meso_31/20x/MESO_31_15.ndpi,20,9,53248,46592,0.45126353790613716,0.4512839027031906
/raid/users/farzaneh/DeepPATH/Meso_31/20x/MESO_31_18.ndpi,20,9,61440,43008,0.45126353790613716,0.4512839027031906
/raid/users/farzaneh/DeepPATH/Meso_31/20x/MESO_31_17.ndpi,20,9,53248,48384,0.45126353790613716,0.4512839027031906
/raid/users/farzaneh/DeepPATH/Meso_31/20x/MESO_31_16.ndpi,20,9,61440,37632,0.45126353790613716,0.4512839027031906
/raid/users/farzaneh/DeepPATH/Meso_21/20x/MESO_21_13.ndpi,20,9,65536,46592,0.45126353790613716,0.4512839027031906
/raid/users/farzaneh/DeepPATH/Meso_21/20x/MESO_21_12.ndpi,20,9,65536,48384,0.45126353790613716,0.4512839027031906
/raid/users/farzaneh/DeepPATH/Meso_21/20x/MESO_21_15_2.ndpi,20,9,69632,51968,0.45126353790613716,0.4512839027031906
/raid/users/farzaneh/DeepPATH/Meso_21/20x/MESO_21_14.ndpi,20,9,65536,41216,0.45126353790613716,0.4512839027031906
/raid/users/farzaneh/DeepPATH/Meso_21/20x/MESO_21_12_2.ndpi,20,9,73728,50176,0.45126353790613716,0.4512839027031906
/raid/users/farzaneh/DeepPATH/Meso_21/20x/MESO_21_15.ndpi,20,9,65536,50176,0.45126353790613716,0.4512839027031906
/raid/users/farzaneh/DeepPATH/Meso_21/20x/MESO_21_11.ndpi,20,9,65536,48384,0.45126353790613716,0.4512839027031906
/raid/users/farzaneh/DeepPATH/Meso_21/20x/MESO_21_14_2.ndpi,20,9,65536,43008,0.45126353790613716,0.4512839027031906
/raid/users/farzaneh/DeepPATH/Meso_21/20x/MESO_21_11_2.ndpi,40,10,135168,100352,0.22562667809841835,0.22563686003745573
/raid/users/farzaneh/DeepPATH/Meso_21/20x/MESO_21_13_2.ndpi,20,9,73728,48384,0.45126353790613716,0.4512839027031906
/raid/users/farzaneh/DeepPATH/Meso_37/20x/MESO_37_26.ndpi,20,9,61440,37632,0.45126353790613716,0.4512839027031906
/raid/users/farzaneh/DeepPATH/Meso_37/20x/MESO_37_16.ndpi,20,9,61440,50176,0.45126353790613716,0.4512839027031906
/raid/users/farzaneh/DeepPATH/Meso_37/20x/MESO_37_24.ndpi,20,9,61440,37632,0.45126353790613716,0.4512839027031906
/raid/users/farzaneh/DeepPATH/Meso_37/20x/MESO_37_25.ndpi,20,9,61440,37632,0.45126353790613716,0.4512839027031906
/raid/users/farzaneh/DeepPATH/Meso_37/20x/MESO_37_18.ndpi,20,9,45056,37632,0.45126353790613716,0.4512839027031906
/raid/users/farzaneh/DeepPATH/Meso_37/20x/MESO_37_17.ndpi,20,9,61440,37632,0.45126353790613716,0.4512839027031906
/raid/users/farzaneh/DeepPATH/Meso_510/40x/MESO_510_3.ndpi,40,10,208896,111104,0.2255401687040462,0.2255401687040462
/raid/users/farzaneh/DeepPATH/Meso_510/40x/MESO_510_4.ndpi,40,10,192512,111104,0.2255401687040462,0.2255401687040462
/raid/users/farzaneh/DeepPATH/Meso_510/40x/MESO_510_5.ndpi,40,10,208896,107520,0.2255401687040462,0.2255401687040462
/raid/users/farzaneh/DeepPATH/Meso_56/20x/MESO_56_16.ndpi,20,9,57344,32256,0.45126353790613716,0.4512839027031906
/raid/users/farzaneh/DeepPATH/Meso_56/20x/MESO_56_11.ndpi,20,9,61440,37632,0.45126353790613716,0.4512839027031906
/raid/users/farzaneh/DeepPATH/Meso_56/20x/MESO_56_13.ndpi,20,9,45056,37632,0.45126353790613716,0.4512839027031906
/raid/users/farzaneh/DeepPATH/Meso_56/20x/MESO_56_19.ndpi,20,9,61440,37632,0.45126353790613716,0.4512839027031906
/raid/users/farzaneh/DeepPATH/Meso_56/20x/MESO_56_20.ndpi,20,9,61440,43008,0.45126353790613716,0.4512839027031906
/raid/users/farzaneh/DeepPATH/Meso_56/20x/MESO_56_10.ndpi,20,9,61440,37632,0.45126353790613716,0.4512839027031906
/raid/users/farzaneh/DeepPATH/Meso_56/20x/MESO_56_15.ndpi,20,9,49152,43008,0.45126353790613716,0.4512839027031906
/raid/users/farzaneh/DeepPATH/Meso_56/20x/MESO_56_14.ndpi,20,9,53248,37632,0.45126353790613716,0.4512839027031906
/raid/users/farzaneh/DeepPATH/Meso_56/20x/MESO_56_12.ndpi,20,9,61440,37632,0.45126353790613716,0.4512839027031906
/raid/users/farzaneh/DeepPATH/Meso_15/MESO_15_22.ndpi,20,9,61440,37632,0.45126353790613716,0.4512839027031906
/raid/users/farzaneh/DeepPATH/Meso_15/MESO_15_23.ndpi,20,9,61440,37632,0.45126353790613716,0.4512839027031906
/raid/users/farzaneh/DeepPATH/Meso_15/MESO_15_24.ndpi,20,9,73728,44800,0.45126353790613716,0.4512839027031906
/raid/users/farzaneh/DeepPATH/Meso_15/MESO_15_21.ndpi,20,9,65536,37632,0.45126353790613716,0.4512839027031906
/raid/users/farzaneh/DeepPATH/Meso_15/MESO_15_20.ndpi,20,9,65536,39424,0.45126353790613716,0.4512839027031906
/raid/users/farzaneh/DeepPATH/Meso_15/MESO_15_19.ndpi,20,9,61440,37632,0.45126353790613716,0.4512839027031906
